id,title,score,num_comments,author,created_utc,url,over_18,edited,spoiler,stickied
18d8uz3,I tried Gemini Vs. GPT4 today for the first time.,1526,168,meepydeeps,2023-12-07 23:30:54,https://www.reddit.com/gallery/18d8uz3,False,False,False,False
18crvpf,Oh Ethos.,556,153,Philipp,2023-12-07 09:24:00,https://www.reddit.com/gallery/18crvpf,False,False,False,False
18cudcn,Google drops Gemini to end ChatGPT's reign. Who will win this AI-war?,527,273,intengineering,2023-12-07 12:17:14,https://interestingengineering.com/innovation/google-gemini-end-chatgpt-reign?utm_source=Reddit&utm_medium=content&utm_campaign=organic&utm_content=Dec07,False,False,False,False
18d9wgn,Asked GPT-4 some logical questions from the Gemini demo,465,80,Tadpole5050,2023-12-08 00:21:01,https://www.reddit.com/gallery/18d9wgn,False,False,False,False
18d3l16,One of my favorites,395,15,ExtremelyVW,2023-12-07 19:38:11,https://i.redd.it/37lwrgb3ex4c1.png,False,False,False,False
18d1px0,OpenAI is very resistant to carefully and meticulously crafted jailbreaks attempting to get it to generate copyrighted images of Mickey Mouse.,351,59,1jl,2023-12-07 18:17:41,https://chat.openai.com/share/7a229639-38e5-4421-af73-59d72a0da5f1,False,False,False,False
18d8kw1,I was exhausted from posting on social media. So I made an app that does it for me.,287,70,Think_Housing4111,2023-12-07 23:17:37,https://www.reddit.com/r/ChatGPT/comments/18d8kw1/i_was_exhausted_from_posting_on_social_media_so_i/,False,False,False,False
18dfdyg,"What if car companies made shoes, how would they look like üòÄ",209,76,akashjss,2023-12-08 05:10:16,https://www.reddit.com/gallery/18dfdyg,False,False,False,False
18cy0fi,‚ÄúThe Homework Machine‚Äù by Shel Silverstein (1981),177,26,relevantusername2020,2023-12-07 15:26:56,https://i.redd.it/bi9chgea2w4c1.jpg,False,False,False,False
18cvea2,Time to upgrade,104,18,Algoartist,2023-12-07 13:17:34,https://i.redd.it/3cywcbr3iv4c1.png,False,False,False,False
18crn5k,Who knew?,102,16,doglobster-face,2023-12-07 09:05:58,https://i.redd.it/v8ov7rpa9u4c1.png,False,False,False,False
18czjd9,"So, take that.",69,14,AnanasInHawaii,2023-12-07 16:36:35,https://v.redd.it/p7daq4tohw4c1,False,False,False,False
18d8yoe,Just some ChatGPT generated tutorials for your knowledge,71,22,TheIndulgery,2023-12-07 23:35:39,https://www.reddit.com/gallery/18d8yoe,False,False,False,False
18d1c0l,Anyone else that likes to combine random stuff? What are your best?,69,21,AIThinks,2023-12-07 17:57:56,https://v.redd.it/sbquo867ww4c1,False,False,False,False
18d4i8n,"I asked ChatGPT to illustrate the Biblical 10 plagues of Egypt. Half of them are bugs and half of them are rain, there are 12 of them, and all the people are frogs.",55,8,Kalocacola,2023-12-07 20:18:47,https://i.redd.it/x4mwgbqykx4c1.png,False,False,False,False
18d6he6,Microsoft's Bing GPT-4 doesn't like to talk about WFH?,51,9,Clouds_Compendium,2023-12-07 21:43:41,https://i.redd.it/bfl3pcfh0y4c1.jpg,False,False,False,False
18ctnm2,The most chatgpt response I have ever got.,55,17,mostafa_issa98,2023-12-07 11:31:16,https://i.redd.it/6mzpnrs7zu4c1.png,False,False,False,False
18cvit0,The life of a pasta.,47,9,Optimal-Rutabaga-922,2023-12-07 13:24:19,https://i.redd.it/rux83m2djv4c1.png,False,False,False,False
18cwt6a,Leveraging ChatGPT for Fitness: A New AI-Powered Workout Companion,47,7,chrisBhappy,2023-12-07 14:30:34,https://www.reddit.com/r/ChatGPT/comments/18cwt6a/leveraging_chatgpt_for_fitness_a_new_aipowered/,False,False,False,False
18cuxbt,"Introducing Mynewsdesk CoPilot: 4,000 communicators just got AI-powered",44,1,Droodster,2023-12-07 12:51:13,https://www.mynewsdesk.com/mynewsdesk/pressreleases/introducing-mynewsdesk-copilot-4000-communicators-just-got-ai-powered-3290862,False,False,False,False
18d445l,When you close your fridge door,38,2,GreenLionRPG,2023-12-07 20:01:38,https://www.reddit.com/gallery/18d445l,False,False,False,False
18d75bb,ChatGPT helping cheaters üòÇüòÇ,41,11,Left-Plant2717,2023-12-07 22:12:48,https://i.redd.it/w50q59ho5y4c1.jpg,False,False,False,False
18cx172,prompt was chinese canadian chef. lmao wtf is that thing in the bottom right corner?,35,36,lauriercsstudent,2023-12-07 14:41:10,https://i.redd.it/yj9usi3ywv4c1.jpeg,False,False,False,False
18d52g8,ChatGPT in Emoji Form,26,2,axdroid,2023-12-07 20:42:58,https://i.redd.it/5krwustlpx4c1.jpg,False,False,False,False
18dchz1,"A friend sent me a picture of a crude stick figure with a circled area on it, asking about possible diverticulitis pain. I fed it into ChatGPT with a single question: ""Is this correct?"" Impressive.",28,5,wtfboooom,2023-12-08 02:34:22,https://www.reddit.com/gallery/18dchz1,False,False,False,False
18dcfl1,In less than 5 years we went from THIS to THIS,24,6,Fusseldieb,2023-12-08 02:30:52,https://www.reddit.com/gallery/18dcfl1,False,False,False,False
18d32rf,Chatgpt as boxed software instead of a subscription webapp.,20,3,Ghudda,2023-12-07 19:16:11,https://i.redd.it/b4bxb0lh9x4c1.jpg,False,False,False,False
18d773r,GPT-4 and Gemini co-created code better than GPT-4 alone / Gemini alone,18,4,mdrejhon,2023-12-07 22:14:58,https://twitter.com/mdrejhon/status/1732884808638841329,False,False,False,False
18d5avb,I really want to drink a cocktail now :/,19,4,Algoartist,2023-12-07 20:53:00,https://www.reddit.com/gallery/18d5avb,False,False,False,False
18d13fi,Asked ChatGPT to play the quiet game. It did great.,15,2,rhines57,2023-12-07 17:47:04,https://www.reddit.com/gallery/18d13fi,False,False,False,False
18cse9l,"What's in Bard is Gemini Pro not Gemini Ultra, GPT-4 is still currently the best LLM",15,6,ExtensionAlbatross99,2023-12-07 10:02:41,https://www.reddit.com/r/ChatGPT/comments/18cse9l/whats_in_bard_is_gemini_pro_not_gemini_ultra_gpt4/,False,False,False,False
18dh81v,Can we stop the karma farming ‚ÄúI tried bard/Gemini vs chatGPT‚Äù,13,13,NextaussiePM,2023-12-08 07:05:41,https://www.reddit.com/r/ChatGPT/comments/18dh81v/can_we_stop_the_karma_farming_i_tried_bardgemini/,False,False,False,False
18d8s3h,"‚ÄúThe Hunchback of Notre Dame, playing college football for the University of Notre Dame‚Äù",15,3,Public_Beach_Nudity,2023-12-07 23:27:08,https://i.redd.it/jmxtnmrxiy4c1.jpeg,False,False,False,False
18d5fod,Florida Man Getting More Florida,13,7,axdroid,2023-12-07 20:58:46,https://www.reddit.com/gallery/18d5fod,False,False,False,False
18d9ner,We have prepared an in-depth analysis of the new alleged ChatGPT killer from DeepMind. Spoiler: It's not looking so good.,12,3,Avienir,2023-12-08 00:08:28,https://www.reddit.com/r/ChatGPT/comments/18d9ner/we_have_prepared_an_indepth_analysis_of_the_new/,False,False,False,False
18d573d,Follow the money. Mystery solved that GPT-4 Pro has been degraded without a doubt.,14,16,w7gg33h,2023-12-07 20:48:32,https://www.reddit.com/r/ChatGPT/comments/18d573d/follow_the_money_mystery_solved_that_gpt4_pro_has/,False,False,False,False
18d0058,I Built an AI Meme-Making App for Android and IOS with No Tech Background,9,1,philm999,2023-12-07 16:57:53,https://www.reddit.com/r/ChatGPT/comments/18d0058/i_built_an_ai_mememaking_app_for_android_and_ios/,False,False,False,False
18cvax0,Selective ranking by Google ü§î What I see is that Gemini Ultra compared to the same settings of GPT-4 is 83.7 vs 86.5 in favor of GPT-4,10,23,seva98,2023-12-07 13:12:25,https://i.redd.it/0mc5nmz0hv4c1.png,False,False,False,False
18d560w,"""Make it even more Canadian""",11,3,Kalocacola,2023-12-07 20:47:15,https://www.reddit.com/gallery/18d560w,False,False,False,False
18di1mb,Google Admits That Gemini AI Demo Video Was Staged,7,2,Alex7589,2023-12-08 08:03:13,https://www.reddit.com/r/ChatGPT/comments/18di1mb/google_admits_that_gemini_ai_demo_video_was_staged/,False,False,False,False
18dgd6j,Uhh that's interesting look at picture 9,9,7,Little-Step-5876,2023-12-08 06:08:59,https://www.reddit.com/gallery/18dgd6j,False,False,False,False
18dd1ox,Google's Gemini demo was faked,5,3,CH1997H,2023-12-08 03:02:40,https://techcrunch.com/2023/12/07/googles-best-gemini-demo-was-faked/,False,False,False,False
18d87g1,I taught something to ChatGPT but alas it won't remember the knowledge for other users with same issue,8,10,apat85,2023-12-07 23:00:39,https://www.reddit.com/r/ChatGPT/comments/18d87g1/i_taught_something_to_chatgpt_but_alas_it_wont/,False,False,False,False
18d4wrq,"Longer GPT conversations using very high amounts of RAM, to the point where it crashes the tab every time I try to continue. Is this a common problem?",7,2,Abrusia,2023-12-07 20:36:13,https://www.reddit.com/r/ChatGPT/comments/18d4wrq/longer_gpt_conversations_using_very_high_amounts/,False,False,False,False
18cy00t,Some of the posts here,6,1,Martijngamer,2023-12-07 15:26:25,https://i.redd.it/p6oaabx45w4c1.png,False,False,False,False
18dhoj0,I think I accidentally jailbroke the image creator with a completely innocent prompt...,9,7,DeepThoughtNonsense,2023-12-08 07:38:07,https://i.redd.it/koqclfgjy05c1.jpg,True,False,False,False
18deq8u,My Copypasta Maker GPT wrote a greentext about being nerfed,6,3,AidanAmerica,2023-12-08 04:33:16,https://i.redd.it/auvsd45k105c1.jpeg,False,False,False,False
18dbx63,Bard refuses to answer questions at times. Until told ChatGPT answered it. Anyone else?,7,2,djdeckard,2023-12-08 02:04:07,https://www.reddit.com/r/ChatGPT/comments/18dbx63/bard_refuses_to_answer_questions_at_times_until/,False,False,False,False
18db6eg,AI's easy to follow guide to making PB&J sandwiches,7,6,Ehis4Adam,2023-12-08 01:25:45,https://www.reddit.com/gallery/18db6eg,False,False,False,False
18d2af5,Meta's New Free AI Image Generator Is Trained On 1.1 Billion Instagram And Facebook Pics,8,1,vadhavaniyafaijan,2023-12-07 18:42:22,https://www.theinsaneapp.com/2023/12/imagine-with-meta-is-trained-on-one-billion-instagram-and-facebook-pics.html,False,False,False,False
18d22k7,"""Silent H vs Invisible H"" I got ChatGPT to stop hallucinating by telling it that it's okay to not know the answer to something.",6,1,bigbabytdot,2023-12-07 18:33:36,https://chat.openai.com/share/881f4f4a-61db-4ab8-9f8b-9f443b7e4d92,False,False,False,False
18cvuee,Tried the new Microsoft Copilot,5,3,Zenrix,2023-12-07 13:41:58,https://cdn.discordapp.com/attachments/143227058992971778/1182314158667079823/image.png?ex=65843edd&is=6571c9dd&hm=811d13f0153af2eb355e8616318a55e73e6fa58bcc3dd322ee30386c8bff9501&,False,False,False,False
18cubar,When you study every day and when you don‚Äôt.,8,1,Copper_Caesar,2023-12-07 12:13:36,https://www.reddit.com/gallery/18cubar,False,False,False,False
18crtqp,The AI Art Gallery: Fast Prototyping Art Installations,7,3,Algoartist,2023-12-07 09:19:59,https://www.reddit.com/gallery/18crtqp,False,False,False,False
18dear9,AI for CV making?,5,7,koalakorver,2023-12-08 04:10:16,https://www.reddit.com/r/ChatGPT/comments/18dear9/ai_for_cv_making/,False,False,False,False
18ddv3d,"Unsubscribed from ChatGPT Plus half a year ago, but recently they suddenly started charging me $20 every week. Three unauthorized transactions by now; contacted ChatGPT for 20+ times and they refused to remove my credit card info. Solution?",5,12,shanelukov1987,2023-12-08 03:47:04,https://www.reddit.com/r/ChatGPT/comments/18ddv3d/unsubscribed_from_chatgpt_plus_half_a_year_ago/,False,False,False,False
18ddqn1,Weird response from Bing Chat seemingly revealing anti-religious-bias training directives,4,5,NocoGray,2023-12-08 03:40:24,https://www.reddit.com/r/ChatGPT/comments/18ddqn1/weird_response_from_bing_chat_seemingly_revealing/,False,False,False,False
18db75p,Even Bard think Google is a CIA shell company.,5,4,gokaired990,2023-12-08 01:26:49,https://www.reddit.com/gallery/18db75p,False,False,False,False
18d35lx,[bard] he's out of line but he's right,5,2,emotional_atyachaar,2023-12-07 19:19:35,https://i.redd.it/7sbf1b3dax4c1.png,False,False,False,False
18d10wo,40 Messages / 3 Days? What?,4,11,Sneedle-Woods,2023-12-07 17:43:56,https://www.reddit.com/r/ChatGPT/comments/18d10wo/40_messages_3_days_what/,False,False,False,False
18d0aex,Follow up apples question.,5,3,theepi_pillodu,2023-12-07 17:10:23,https://i.redd.it/6x5srt4qnw4c1.jpg,False,False,False,False
18cwmfy,"thought it was a glitch, but i guess Christmas violates the policy?",4,11,flippy_flops,2023-12-07 14:21:26,https://i.redd.it/7yjv9t5gsv4c1.png,False,False,False,False
18ct2s1,Did the ChatGPT web app remove the ability to collapse the chat sidebar?,6,3,TestFlightBeta,2023-12-07 10:52:24,https://www.reddit.com/r/ChatGPT/comments/18ct2s1/did_the_chatgpt_web_app_remove_the_ability_to/,False,False,False,False
18dhlj8,Chat-GPT remembered it wasn't supposed to talk about this...,5,3,DocMilkman,2023-12-08 07:32:15,https://www.reddit.com/gallery/18dhlj8,False,False,False,False
18dfwww,How to get Youtube Transcripts for ChatGPT while on Mobile/Android (NOT PC),4,2,Lifter_Dan,2023-12-08 05:41:24,https://www.reddit.com/r/ChatGPT/comments/18dfwww/how_to_get_youtube_transcripts_for_chatgpt_while/,False,False,False,False
18ddffo,Gemini,4,4,emergencypresence75,2023-12-08 03:23:12,https://www.reddit.com/r/ChatGPT/comments/18ddffo/gemini/,False,False,False,False
18dbpw1,Gen AI will be an enduring technology,5,1,Healthy-Training-759,2023-12-08 01:53:37,https://youtube.com/clip/UgkxWukgAFHqj5rKnL6K5Do9mu95PWtdZDsx,False,False,False,False
18db7dr,Alternate casting for one of my favorite Christmas Movies,4,3,Quantum_Quandry,2023-12-08 01:27:09,https://www.reddit.com/gallery/18db6ro,False,False,False,False
18d8mz3,My online Gamertag and for most socials ‚ÄúRoundychips.‚Äù,5,1,Thisisamazing1234,2023-12-07 23:20:19,https://www.reddit.com/gallery/18d8mz3,False,False,False,False
18d7xry,"The inaccuracy of AI ""checkers""",6,2,RoboChemist101,2023-12-07 22:48:10,https://i.redd.it/oyh9917nby4c1.png,False,False,False,False
18d6x4v,Website to GPT (custom GPT),6,2,ctrl-brk,2023-12-07 22:02:45,https://www.reddit.com/r/ChatGPT/comments/18d6x4v/website_to_gpt_custom_gpt/,False,False,False,False
18d63db,Why does ChatGPT keep asking me to do puzzle? How to solve?,5,5,superhero_io,2023-12-07 21:26:38,https://www.reddit.com/r/ChatGPT/comments/18d63db/why_does_chatgpt_keep_asking_me_to_do_puzzle_how/,False,False,False,False
18d492d,New ChatGPT Features,4,3,adesigne,2023-12-07 20:07:25,https://i.redd.it/6d3fv54bjx4c1.jpg,False,False,False,False
18cyw6x,ChatGPT doesn't quite understand what different means.,5,5,Odd-Pen-4633,2023-12-07 16:07:10,https://i.redd.it/ypkgzoeecw4c1.png,False,False,False,False
18cyp0f,Kaiju Christmas (Original Photo Included),4,1,GreenLionRPG,2023-12-07 15:58:39,https://www.reddit.com/gallery/18cyp0f,False,False,False,False
18cu96t,ChatGPT helps with studying.,3,3,kedayni_,2023-12-07 12:09:59,https://www.reddit.com/r/ChatGPT/comments/18cu96t/chatgpt_helps_with_studying/,False,False,False,False
18dhybb,Google admits Gemini video was staged,3,1,Ok-Bedroom8901,2023-12-08 07:57:14,https://i.redd.it/vgjhpb6y115c1.jpeg,False,False,False,False
18dhg3n,Make. It. More. Anime!,3,2,Chilli-byte-,2023-12-08 07:21:26,https://www.reddit.com/gallery/18dhg3n,False,False,False,False
18dg936,Excuse me???,3,5,Useful-Feedback-510,2023-12-08 06:01:53,https://i.redd.it/z7nexkadh05c1.jpeg,False,False,False,False
18dfy3t,Montenegro,3,1,Cowboy_sheep,2023-12-08 05:43:26,https://i.redd.it/1xrkvnp2e05c1.jpg,False,False,False,False
18ddjtc,Funny testing of DALLE's guardrails for image generation,5,2,PharmBoyStrength,2023-12-08 03:29:56,https://www.reddit.com/r/ChatGPT/comments/18ddjtc/funny_testing_of_dalles_guardrails_for_image/,False,False,False,False
18dalix,Need Help Fine-Tuning ChatGPT: How to Specify a Test Set?,3,4,yachty66,2023-12-08 00:56:22,https://www.reddit.com/r/ChatGPT/comments/18dalix/need_help_finetuning_chatgpt_how_to_specify_a/,False,False,False,False
18da7rv,Using Large Language Models for identifying gaps in the markets,3,2,canhelp,2023-12-08 00:36:56,https://www.reddit.com/r/ChatGPT/comments/18da7rv/using_large_language_models_for_identifying_gaps/,False,False,False,False
18d9799,Finding Data,3,2,bonzari,2023-12-07 23:47:05,https://www.reddit.com/r/ChatGPT/comments/18d9799/finding_data/,False,False,False,False
18d9655,Learn to convert Markdown from Chat GPT to Google Docs [video included!],3,3,Healthy-Training-759,2023-12-07 23:45:34,https://www.reddit.com/r/ChatGPT/comments/18d9655/learn_to_convert_markdown_from_chat_gpt_to_google/,False,False,False,False
18d7ani,How good is GPT4V OCR,3,2,Mephidia,2023-12-07 22:19:23,https://www.reddit.com/r/ChatGPT/comments/18d7ani/how_good_is_gpt4v_ocr/,False,False,False,False
18d78tj,Asking for Google Map link - Unstable,3,2,Kooky-Perspective-44,2023-12-07 22:17:03,https://www.reddit.com/r/ChatGPT/comments/18d78tj/asking_for_google_map_link_unstable/,False,False,False,False
18d70ac,Just found out that ChatGPT can generate audio files. So I asked it for a rave anthem to get its AI pals to hit the dancefloor. Get freaky! ü§ñ,3,1,bolfing,2023-12-07 22:06:40,https://v.redd.it/uemo1qno3y4c1,False,False,False,False
18d6jz7,"I asked ChatGPT to draw Mario, Mickey, Luigi and Pluto, and make them go faster and faster",3,5,jeango,2023-12-07 21:46:48,https://www.reddit.com/gallery/18d6jz7,False,False,False,False
18d62f8,Seeking Advice on Fine-Tuning ChatGPT with Twitter Data,3,5,yachty66,2023-12-07 21:25:32,https://www.reddit.com/r/ChatGPT/comments/18d62f8/seeking_advice_on_finetuning_chatgpt_with_twitter/,False,False,False,False
18d5xij,Official examples made with Meta's new Emu image-synthesis model - it still can't do hands correctly most of the time,3,2,ARoyaleWithCheese,2023-12-07 21:19:40,https://i.redd.it/0m8n00spvx4c1.png,False,False,False,False
18d5o7u,Won‚Äôt give sources,3,5,kdjsjsjdj,2023-12-07 21:08:44,https://www.reddit.com/r/ChatGPT/comments/18d5o7u/wont_give_sources/,False,False,False,False
18d4qdq,"ChatGPT file attachment no longer works, results in 400 error?",3,2,crusoe,2023-12-07 20:28:34,https://www.reddit.com/r/ChatGPT/comments/18d4qdq/chatgpt_file_attachment_no_longer_works_results/,False,False,False,False
18d2ppl,"Sharing some analysis looking at 18,000 GPTs found in the wild",2,1,SagaLab,2023-12-07 19:00:01,https://medium.com/@garysong23/gpts-by-the-numbers-4-weeks-out-ab1ac1f88b78,False,False,False,False
18d0uzl,"USPS rural carrier union chatbot?My dear lovely redditors , would you please help me explore the possibility of creating an AI chat that could help empower employees of the second largest employer in the US?",3,3,krssonee,2023-12-07 17:36:22,/r/StableDiffusion/comments/18cg7vt/usps_rural_carrier_union_chatbotmy_dear_lovely/,False,False,False,False
18cztp4,Does the free version of ChatGPT now have a message limit per hour?,5,3,AntiqueElderberry430,2023-12-07 16:49:50,https://i.redd.it/2cl5j0xqjw4c1.png,False,False,False,False
18cyd0p,what the quack (40 messages / 3 days),4,2,Invelix,2023-12-07 15:43:00,https://i.redd.it/smkn7lw08w4c1.png,False,False,False,False
18cycdw,Inline replies now available?,3,1,ahmd-sh,2023-12-07 15:42:09,https://www.reddit.com/r/ChatGPT/comments/18cycdw/inline_replies_now_available/,False,False,False,False
18cybqb,How to Use Blackbox AI: Revolutionize Your Coding with Blackbox AI!,3,1,Chisom1998_,2023-12-07 15:41:21,https://youtu.be/0RzWr9REbaE,False,False,False,False
18cxz2v,Is there a tool that indicates which parts of the input prompt impact the LLM's output the most?,3,2,ToughOpening,2023-12-07 15:25:17,https://www.reddit.com/r/ChatGPT/comments/18cxz2v/is_there_a_tool_that_indicates_which_parts_of_the/,False,False,False,False